method, time
sync, 344
async, 293
sync, 267
async, 219
sync, 240
async, 242
sync, 279
async, 225
sync, 364
async, 201
sync, 252
async, 202
sync, 262
async, 196
sync, 269
async, 202
sync, 241
async, 208
sync, 269
async, 206
sync, 234
async, 210
sync, 264
async, 203
sync, 251
async, 215
sync, 262
async, 201
sync, 245
async, 209
sync, 254
async, 197
sync, 251
async, 210
sync, 321
async, 247
sync, 242
async, 198
sync, 258
async, 189
sync, 255
async, 227
sync, 247
async, 227
sync, 266
async, 209
sync, 270
async, 220
sync, 291
async, 207
sync, 257
async, 199
sync, 277
async, 253
sync, 254
async, 209
sync, 292
async, 202
sync, 258
async, 240
sync, 276
async, 220
sync, 275
async, 204
sync, 285
async, 231
sync, 319
async, 221
sync, 434
async, 234
sync, 332
async, 274
sync, 225
async, 171
sync, 215
async, 228
sync, 225
async, 180
sync, 226
async, 228
sync, 226
async, 178
sync, 229
async, 191
sync, 228
async, 177
sync, 217
async, 184
sync, 213
async, 184
sync, 219
async, 177
sync, 218
async, 191
sync, 228
async, 186
sync, 318
async, 199
sync, 223
async, 211
sync, 289
async, 264
sync, 277
async, 215
sync, 296
async, 179
sync, 222
async, 221
sync, 228
async, 215
sync, 263
async, 205
sync, 260
async, 178
sync, 235
async, 217
sync, 281
async, 328
sync, 243
async, 202
sync, 254
async, 189
sync, 245
async, 245
sync, 274
async, 247
sync, 249
async, 479
sync, 259
async, 212
sync, 258
async, 242
sync, 255
async, 253
sync, 249
async, 212
sync, 263
async, 203
sync, 260
async, 207
sync, 329
async, 205
sync, 250
async, 185
sync, 242
async, 205
sync, 248
async, 197
sync, 258
async, 217
sync, 245
async, 241
sync, 273
async, 229
sync, 267
async, 206
sync, 357
async, 205
sync, 261
async, 211
sync, 249
async, 219
sync, 273
async, 217
sync, 259
async, 229
sync, 251
async, 197
sync, 265
async, 195
sync, 238
async, 196
sync, 244
async, 213
sync, 249
async, 187
sync, 256
async, 201
sync, 242
async, 200
sync, 244
async, 194
sync, 244
async, 200
sync, 266
async, 244
sync, 245
async, 208
sync, 231
async, 184
sync, 255
async, 203
sync, 236
async, 200
sync, 254
async, 203
sync, 238
async, 196
sync, 232
async, 244
